Group,Name,Status,Type,Position X [voxel],Position Y [voxel],Position Z [voxel],Direction X,Direction Y,Direction Z,Normal X,Normal Y,Normal Z,Radius [mm],Conicity [deg],Form [mm],Peak [mm],Valley [mm],Construction method,Image,Focused image,Histogram image,Captures,Coordinate system,Centroid X [voxel],Centroid Y [voxel],Centroid Z [voxel]
n/a,Line 1,Ok,Line,1232,1177,5,0.22,0.97,0.00,n/a,n/a,n/a,n/a,n/a,0.00,0.00,0.00,Gauss (least squares) fitted,Off,Off,None,0,Volume 1 grid coordinate system,1206,1064,5
n/a,Line 2,Ok,Line,772,913,17,-0.25,0.97,0.01,n/a,n/a,n/a,n/a,n/a,0.00,0.00,0.00,Gauss (least squares) fitted,Off,Off,None,0,Volume 1 grid coordinate system,777,894,16
n/a,Line 3,Ok,Line,719,995,61,-0.24,0.97,0.01,n/a,n/a,n/a,n/a,n/a,0.00,0.00,0.00,Gauss (least squares) fitted,Off,Off,None,0,Volume 1 grid coordinate system,716,1005,61
n/a,Line 4,Ok,Line,806,649,53,-0.24,0.97,0.01,n/a,n/a,n/a,n/a,n/a,0.00,0.00,0.00,Gauss (least squares) fitted,Off,Off,None,0,Volume 1 grid coordinate system,804,657,54
n/a,Line 5,Ok,Line,434,1452,36,0.97,-0.23,0.00,n/a,n/a,n/a,n/a,n/a,0.00,0.00,0.00,Gauss (least squares) fitted,Off,Off,None,0,Volume 1 grid coordinate system,441,1450,36
n/a,Line 6,Ok,Line,120,1966,63,0.08,1.00,0.01,n/a,n/a,n/a,n/a,n/a,0.00,0.00,0.00,Gauss (least squares) fitted,Off,Off,None,0,Volume 1 grid coordinate system,120,1968,63
n/a,Line 7,Ok,Line,997,1497,121,0.97,0.23,0.00,n/a,n/a,n/a,n/a,n/a,0.00,0.00,0.00,Gauss (least squares) fitted,Off,Off,None,0,Volume 1 grid coordinate system,1000,1498,121
n/a,Line 8,Ok,Line,595,1744,53,0.95,0.31,0.00,n/a,n/a,n/a,n/a,n/a,0.00,0.00,0.00,Gauss (least squares) fitted,Off,Off,None,0,Volume 1 grid coordinate system,593,1744,53
n/a,Line 9,Ok,Line,649,1830,12,0.96,0.27,0.01,n/a,n/a,n/a,n/a,n/a,0.00,0.00,0.00,Gauss (least squares) fitted,Off,Off,None,0,Volume 1 grid coordinate system,647,1830,12
n/a,Line 10,Ok,Line,765,1754,22,0.79,-0.61,-0.02,n/a,n/a,n/a,n/a,n/a,0.00,0.00,0.00,Gauss (least squares) fitted,Off,Off,None,0,Volume 1 grid coordinate system,766,1753,22
n/a,Line 11,Ok,Line,867,1829,7,0.93,0.36,0.02,n/a,n/a,n/a,n/a,n/a,0.00,0.00,0.00,Gauss (least squares) fitted,Off,Off,None,0,Volume 1 grid coordinate system,868,1830,7
n/a,Line 12,Ok,Line,837,1906,11,0.98,0.21,0.02,n/a,n/a,n/a,n/a,n/a,0.00,0.00,0.00,Gauss (least squares) fitted,Off,Off,None,0,Volume 1 grid coordinate system,840,1906,11
n/a,Line 13,Ok,Line,352,2001,7,0.99,-0.15,-0.01,n/a,n/a,n/a,n/a,n/a,0.00,0.00,0.00,Gauss (least squares) fitted,Off,Off,None,0,Volume 1 grid coordinate system,369,1998,6
n/a,Line 14,Ok,Line,1119,1740,38,0.88,-0.47,-0.02,n/a,n/a,n/a,n/a,n/a,0.00,0.00,0.00,Gauss (least squares) fitted,Off,Off,None,0,Volume 1 grid coordinate system,1131,1734,38
n/a,Line 15,Ok,Line,1188,1599,8,0.90,0.43,0.03,n/a,n/a,n/a,n/a,n/a,0.00,0.00,0.00,Gauss (least squares) fitted,Off,Off,None,0,Volume 1 grid coordinate system,1182,1596,8
n/a,Line 16,Ok,Line,1294,1551,26,0.21,0.98,0.00,n/a,n/a,n/a,n/a,n/a,0.00,0.00,0.00,Gauss (least squares) fitted,Off,Off,None,0,Volume 1 grid coordinate system,1296,1560,26
n/a,Line 17,Ok,Line,1777,1060,41,0.98,-0.18,-0.01,n/a,n/a,n/a,n/a,n/a,0.00,0.00,0.00,Gauss (least squares) fitted,Off,Off,None,0,Volume 1 grid coordinate system,1788,1058,41
n/a,Line 18,Ok,Line,1692,952,14,0.99,-0.14,-0.01,n/a,n/a,n/a,n/a,n/a,0.00,0.00,0.00,Gauss (least squares) fitted,Off,Off,None,0,Volume 1 grid coordinate system,1650,958,15
n/a,Line 19,Ok,Line,2029,1284,105,0.11,0.99,0.01,n/a,n/a,n/a,n/a,n/a,0.00,0.00,0.00,Gauss (least squares) fitted,Off,Off,None,0,Volume 1 grid coordinate system,2029,1286,105
n/a,Line 20,Ok,Line,1886,1537,63,-0.11,0.99,-0.01,n/a,n/a,n/a,n/a,n/a,0.00,0.00,0.00,Gauss (least squares) fitted,Off,Off,None,0,Volume 1 grid coordinate system,1885,1545,62
n/a,Line 21,Ok,Line,1965,1658,58,0.86,-0.51,-0.01,n/a,n/a,n/a,n/a,n/a,0.00,0.00,0.00,Gauss (least squares) fitted,Off,Off,None,0,Volume 1 grid coordinate system,1971,1654,58
n/a,Line 22,Ok,Line,1744,1811,3,0.40,0.92,-0.02,n/a,n/a,n/a,n/a,n/a,0.00,0.00,0.00,Gauss (least squares) fitted,Off,Off,None,0,Volume 1 grid coordinate system,1749,1821,3
n/a,Line 23,Ok,Line,1642,1600,57,0.94,0.34,0.01,n/a,n/a,n/a,n/a,n/a,0.00,0.00,0.00,Gauss (least squares) fitted,Off,Off,None,0,Volume 1 grid coordinate system,1642,1600,57
n/a,Line 24,Ok,Line,1547,1500,54,-0.64,0.77,-0.02,n/a,n/a,n/a,n/a,n/a,0.00,0.00,0.00,Gauss (least squares) fitted,Off,Off,None,0,Volume 1 grid coordinate system,1545,1503,54
n/a,Line 25,Ok,Line,1778,1856,3,0.13,0.99,0.00,n/a,n/a,n/a,n/a,n/a,0.00,0.00,0.00,Gauss (least squares) fitted,Off,Off,None,0,Volume 1 grid coordinate system,1778,1857,3
n/a,Line 26,Ok,Line,1863,737,9,1.00,0.03,0.01,n/a,n/a,n/a,n/a,n/a,0.00,0.00,0.00,Gauss (least squares) fitted,Off,Off,None,0,Volume 1 grid coordinate system,1865,737,9
n/a,Line 27,Ok,Line,1495,702,51,0.96,0.27,0.01,n/a,n/a,n/a,n/a,n/a,0.00,0.00,0.00,Gauss (least squares) fitted,Off,Off,None,0,Volume 1 grid coordinate system,1500,703,52
n/a,Line 28,Ok,Line,1652,877,46,0.67,0.74,0.01,n/a,n/a,n/a,n/a,n/a,0.00,0.00,0.00,Gauss (least squares) fitted,Off,Off,None,0,Volume 1 grid coordinate system,1650,875,45
n/a,Line 29,Ok,Line,1707,976,88,0.95,0.32,-0.01,n/a,n/a,n/a,n/a,n/a,0.00,0.00,0.00,Gauss (least squares) fitted,Off,Off,None,0,Volume 1 grid coordinate system,1722,981,88
n/a,Line 30,Ok,Line,2013,761,60,-0.28,0.96,0.01,n/a,n/a,n/a,n/a,n/a,0.00,0.00,0.00,Gauss (least squares) fitted,Off,Off,None,0,Volume 1 grid coordinate system,2014,760,60
n/a,Line 31,Ok,Line,1972,877,41,0.76,-0.64,0.02,n/a,n/a,n/a,n/a,n/a,0.00,0.00,0.00,Gauss (least squares) fitted,Off,Off,None,0,Volume 1 grid coordinate system,1970,879,41
n/a,Line 32,Ok,Line,1735,763,6,0.53,0.85,-0.03,n/a,n/a,n/a,n/a,n/a,0.00,0.00,0.00,Gauss (least squares) fitted,Off,Off,None,0,Volume 1 grid coordinate system,1723,742,7
n/a,Line 33,Ok,Line,1745,594,104,0.99,-0.15,-0.01,n/a,n/a,n/a,n/a,n/a,0.00,0.00,0.00,Gauss (least squares) fitted,Off,Off,None,0,Volume 1 grid coordinate system,1699,601,105
n/a,Line 34,Ok,Line,1889,576,65,-0.42,0.91,-0.01,n/a,n/a,n/a,n/a,n/a,0.00,0.00,0.00,Gauss (least squares) fitted,Off,Off,None,0,Volume 1 grid coordinate system,1885,586,65
n/a,Line 35,Ok,Line,1989,524,4,0.77,0.63,0.02,n/a,n/a,n/a,n/a,n/a,0.00,0.00,0.00,Gauss (least squares) fitted,Off,Off,None,0,Volume 1 grid coordinate system,1986,521,3
n/a,Line 36,Ok,Line,1812,253,99,0.21,0.98,0.00,n/a,n/a,n/a,n/a,n/a,0.00,0.00,0.00,Gauss (least squares) fitted,Off,Off,None,0,Volume 1 grid coordinate system,1819,281,99
n/a,Line 37,Ok,Line,1829,100,54,0.69,0.73,0.00,n/a,n/a,n/a,n/a,n/a,0.00,0.00,0.00,Gauss (least squares) fitted,Off,Off,None,0,Volume 1 grid coordinate system,1824,95,54
n/a,Line 38,Ok,Line,1401,82,2,-0.29,0.96,0.01,n/a,n/a,n/a,n/a,n/a,0.00,0.00,0.00,Gauss (least squares) fitted,Off,Off,None,0,Volume 1 grid coordinate system,1400,86,2
n/a,Line 39,Ok,Line,1804,99,96,0.19,0.98,-0.01,n/a,n/a,n/a,n/a,n/a,0.00,0.00,0.00,Gauss (least squares) fitted,Off,Off,None,0,Volume 1 grid coordinate system,1804,96,96
n/a,Line 40,Ok,Line,1439,248,109,0.99,-0.17,-0.01,n/a,n/a,n/a,n/a,n/a,0.00,0.00,0.00,Gauss (least squares) fitted,Off,Off,None,0,Volume 1 grid coordinate system,1433,249,109
n/a,Line 41,Ok,Line,1663,208,105,0.99,-0.15,-0.01,n/a,n/a,n/a,n/a,n/a,0.00,0.00,0.00,Gauss (least squares) fitted,Off,Off,None,0,Volume 1 grid coordinate system,1663,208,105
n/a,Line 42,Ok,Line,1724,196,13,0.74,-0.67,0.01,n/a,n/a,n/a,n/a,n/a,0.00,0.00,0.00,Gauss (least squares) fitted,Off,Off,None,0,Volume 1 grid coordinate system,1724,196,13
n/a,Line 43,Ok,Line,1782,189,103,0.99,-0.15,-0.02,n/a,n/a,n/a,n/a,n/a,0.00,0.00,0.00,Gauss (least squares) fitted,Off,Off,None,0,Volume 1 grid coordinate system,1783,189,103
n/a,Line 44,Ok,Line,1315,320,5,0.97,-0.26,0.03,n/a,n/a,n/a,n/a,n/a,0.00,0.00,0.00,Gauss (least squares) fitted,Off,Off,None,0,Volume 1 grid coordinate system,1317,320,5
n/a,Line 45,Ok,Line,1560,201,44,0.99,-0.17,-0.01,n/a,n/a,n/a,n/a,n/a,0.00,0.00,0.00,Gauss (least squares) fitted,Off,Off,None,0,Volume 1 grid coordinate system,1500,212,45
n/a,Line 46,Ok,Line,1458,356,115,0.95,-0.32,0.00,n/a,n/a,n/a,n/a,n/a,0.00,0.00,0.00,Gauss (least squares) fitted,Off,Off,None,0,Volume 1 grid coordinate system,1464,353,115
n/a,Line 47,Ok,Line,1890,196,111,0.93,-0.37,-0.01,n/a,n/a,n/a,n/a,n/a,0.00,0.00,0.00,Gauss (least squares) fitted,Off,Off,None,0,Volume 1 grid coordinate system,1889,196,111
n/a,Line 48,Ok,Line,1380,246,88,0.75,-0.66,0.01,n/a,n/a,n/a,n/a,n/a,0.00,0.00,0.00,Gauss (least squares) fitted,Off,Off,None,0,Volume 1 grid coordinate system,1393,234,88
n/a,Line 49,Ok,Line,1126,345,7,-0.43,0.90,0.03,n/a,n/a,n/a,n/a,n/a,0.00,0.00,0.00,Gauss (least squares) fitted,Off,Off,None,0,Volume 1 grid coordinate system,1126,345,7
n/a,Line 50,Ok,Line,1296,552,43,0.94,-0.34,-0.01,n/a,n/a,n/a,n/a,n/a,0.00,0.00,0.00,Gauss (least squares) fitted,Off,Off,None,0,Volume 1 grid coordinate system,1286,555,43
n/a,Line 51,Ok,Line,712,185,68,-0.38,0.93,0.00,n/a,n/a,n/a,n/a,n/a,0.00,0.00,0.00,Gauss (least squares) fitted,Off,Off,None,0,Volume 1 grid coordinate system,714,181,68
n/a,Line 52,Ok,Line,749,185,24,-0.25,0.97,0.01,n/a,n/a,n/a,n/a,n/a,0.00,0.00,0.00,Gauss (least squares) fitted,Off,Off,None,0,Volume 1 grid coordinate system,745,198,24
n/a,Line 53,Ok,Line,998,339,29,0.25,0.97,0.00,n/a,n/a,n/a,n/a,n/a,0.00,0.00,0.00,Gauss (least squares) fitted,Off,Off,None,0,Volume 1 grid coordinate system,1006,370,28
n/a,Line 54,Ok,Line,788,134,39,0.27,0.96,0.00,n/a,n/a,n/a,n/a,n/a,0.00,0.00,0.00,Gauss (least squares) fitted,Off,Off,None,0,Volume 1 grid coordinate system,789,135,39
n/a,Line 55,Ok,Line,637,17,55,-0.61,0.79,0.01,n/a,n/a,n/a,n/a,n/a,0.00,0.00,0.00,Gauss (least squares) fitted,Off,Off,None,0,Volume 1 grid coordinate system,636,18,55
n/a,Line 56,Ok,Line,557,64,45,0.96,0.29,0.01,n/a,n/a,n/a,n/a,n/a,0.00,0.00,0.00,Gauss (least squares) fitted,Off,Off,None,0,Volume 1 grid coordinate system,554,63,45
n/a,Line 57,Ok,Line,143,188,2,-0.39,0.92,0.02,n/a,n/a,n/a,n/a,n/a,0.00,0.00,0.00,Gauss (least squares) fitted,Off,Off,None,0,Volume 1 grid coordinate system,147,180,2
n/a,Line 58,Ok,Line,456,313,14,0.97,-0.26,0.00,n/a,n/a,n/a,n/a,n/a,0.00,0.00,0.00,Gauss (least squares) fitted,Off,Off,None,0,Volume 1 grid coordinate system,450,315,14
n/a,Line 59,Ok,Line,319,418,8,0.95,0.32,0.00,n/a,n/a,n/a,n/a,n/a,0.00,0.00,0.00,Gauss (least squares) fitted,Off,Off,None,0,Volume 1 grid coordinate system,319,418,8
n/a,Line 60,Ok,Line,242,742,27,-0.09,1.00,-0.01,n/a,n/a,n/a,n/a,n/a,0.00,0.00,0.00,Gauss (least squares) fitted,Off,Off,None,0,Volume 1 grid coordinate system,246,697,28
n/a,Line 61,Ok,Line,412,585,16,-0.25,0.97,0.01,n/a,n/a,n/a,n/a,n/a,0.00,0.00,0.00,Gauss (least squares) fitted,Off,Off,None,0,Volume 1 grid coordinate system,414,577,16
n/a,Line 62,Ok,Line,490,528,12,-0.65,0.76,0.02,n/a,n/a,n/a,n/a,n/a,0.00,0.00,0.00,Gauss (least squares) fitted,Off,Off,None,0,Volume 1 grid coordinate system,484,535,12
n/a,Line 63,Ok,Line,481,579,7,0.58,0.81,0.03,n/a,n/a,n/a,n/a,n/a,0.00,0.00,0.00,Gauss (least squares) fitted,Off,Off,None,0,Volume 1 grid coordinate system,484,584,7
n/a,Line 64,Ok,Line,435,597,5,0.95,0.31,-0.01,n/a,n/a,n/a,n/a,n/a,0.00,0.00,0.00,Gauss (least squares) fitted,Off,Off,None,0,Volume 1 grid coordinate system,433,596,5
n/a,Line 65,Ok,Line,486,614,61,0.17,0.99,0.00,n/a,n/a,n/a,n/a,n/a,0.00,0.00,0.00,Gauss (least squares) fitted,Off,Off,None,0,Volume 1 grid coordinate system,486,612,61
n/a,Line 66,Ok,Line,604,915,35,0.25,0.97,0.00,n/a,n/a,n/a,n/a,n/a,0.00,0.00,0.00,Gauss (least squares) fitted,Off,Off,None,0,Volume 1 grid coordinate system,601,905,35
n/a,Line 67,Ok,Line,371,888,36,0.98,-0.18,-0.01,n/a,n/a,n/a,n/a,n/a,0.00,0.00,0.00,Gauss (least squares) fitted,Off,Off,None,0,Volume 1 grid coordinate system,367,889,36
n/a,Line 68,Ok,Line,46,1762,0,0.99,-0.13,0.00,n/a,n/a,n/a,n/a,n/a,0.00,0.00,0.00,Gauss (least squares) fitted,Off,Off,None,0,Volume 1 grid coordinate system,43,1762,0
n/a,Line 69,Ok,Line,439,1837,28,0.91,-0.41,-0.01,n/a,n/a,n/a,n/a,n/a,0.00,0.00,0.00,Gauss (least squares) fitted,Off,Off,None,0,Volume 1 grid coordinate system,438,1838,28
n/a,Line 70,Ok,Line,436,1465,8,0.30,0.95,-0.02,n/a,n/a,n/a,n/a,n/a,0.00,0.00,0.00,Gauss (least squares) fitted,Off,Off,None,0,Volume 1 grid coordinate system,435,1462,8
n/a,Line 71,Ok,Line,379,1385,50,0.94,0.35,0.01,n/a,n/a,n/a,n/a,n/a,0.00,0.00,0.00,Gauss (least squares) fitted,Off,Off,None,0,Volume 1 grid coordinate system,369,1381,49
n/a,Line 72,Ok,Line,613,1085,8,0.72,-0.69,-0.02,n/a,n/a,n/a,n/a,n/a,0.00,0.00,0.00,Gauss (least squares) fitted,Off,Off,None,0,Volume 1 grid coordinate system,600,1098,9
n/a,Line 73,Ok,Line,752,1097,41,0.86,-0.52,-0.02,n/a,n/a,n/a,n/a,n/a,0.00,0.00,0.00,Gauss (least squares) fitted,Off,Off,None,0,Volume 1 grid coordinate system,755,1095,41
n/a,Line 74,Ok,Line,927,1290,26,0.74,-0.68,0.01,n/a,n/a,n/a,n/a,n/a,0.00,0.00,0.00,Gauss (least squares) fitted,Off,Off,None,0,Volume 1 grid coordinate system,928,1289,26
n/a,Line 75,Ok,Line,839,806,46,0.95,0.30,0.02,n/a,n/a,n/a,n/a,n/a,0.00,0.00,0.00,Gauss (least squares) fitted,Off,Off,None,0,Volume 1 grid coordinate system,839,806,46
n/a,Line 76,Ok,Line,545,725,82,1.00,-0.01,0.01,n/a,n/a,n/a,n/a,n/a,0.00,0.00,0.00,Gauss (least squares) fitted,Off,Off,None,0,Volume 1 grid coordinate system,525,725,82
n/a,Line 77,Ok,Line,683,584,10,0.25,0.97,-0.02,n/a,n/a,n/a,n/a,n/a,0.00,0.00,0.00,Gauss (least squares) fitted,Off,Off,None,0,Volume 1 grid coordinate system,681,578,10
n/a,Line 78,Ok,Line,26,1645,5,-0.48,0.87,0.03,n/a,n/a,n/a,n/a,n/a,0.00,0.00,0.00,Gauss (least squares) fitted,Off,Off,None,0,Volume 1 grid coordinate system,27,1643,5
n/a,Line 79,Ok,Line,381,1297,39,0.88,-0.48,-0.01,n/a,n/a,n/a,n/a,n/a,0.00,0.00,0.00,Gauss (least squares) fitted,Off,Off,None,0,Volume 1 grid coordinate system,384,1295,39
n/a,Line 80,Ok,Line,439,1185,83,0.99,-0.17,-0.01,n/a,n/a,n/a,n/a,n/a,0.00,0.00,0.00,Gauss (least squares) fitted,Off,Off,None,0,Volume 1 grid coordinate system,408,1190,83
n/a,Line 81,Ok,Line,831,1113,77,0.98,-0.19,-0.01,n/a,n/a,n/a,n/a,n/a,0.00,0.00,0.00,Gauss (least squares) fitted,Off,Off,None,0,Volume 1 grid coordinate system,837,1112,77
n/a,Line 82,Ok,Line,1225,1158,4,-0.50,0.87,0.02,n/a,n/a,n/a,n/a,n/a,0.00,0.00,0.00,Gauss (least squares) fitted,Off,Off,None,0,Volume 1 grid coordinate system,1223,1162,4
n/a,Line 83,Ok,Line,1522,1031,56,0.94,0.34,0.01,n/a,n/a,n/a,n/a,n/a,0.00,0.00,0.00,Gauss (least squares) fitted,Off,Off,None,0,Volume 1 grid coordinate system,1516,1029,56
n/a,Line 84,Ok,Line,1321,961,53,0.95,0.32,0.01,n/a,n/a,n/a,n/a,n/a,0.00,0.00,0.00,Gauss (least squares) fitted,Off,Off,None,0,Volume 1 grid coordinate system,1313,958,53
n/a,Line 85,Ok,Line,818,766,118,0.98,-0.21,-0.01,n/a,n/a,n/a,n/a,n/a,0.00,0.00,0.00,Gauss (least squares) fitted,Off,Off,None,0,Volume 1 grid coordinate system,813,767,118
n/a,Line 86,Ok,Line,420,833,13,0.88,-0.47,0.02,n/a,n/a,n/a,n/a,n/a,0.00,0.00,0.00,Gauss (least squares) fitted,Off,Off,None,0,Volume 1 grid coordinate system,491,795,15
n/a,Line 87,Ok,Line,179,418,42,0.97,0.25,-0.02,n/a,n/a,n/a,n/a,n/a,0.00,0.00,0.00,Gauss (least squares) fitted,Off,Off,None,0,Volume 1 grid coordinate system,172,416,42
n/a,Line 88,Ok,Line,98,1344,8,-0.31,0.95,0.01,n/a,n/a,n/a,n/a,n/a,0.00,0.00,0.00,Gauss (least squares) fitted,Off,Off,None,0,Volume 1 grid coordinate system,96,1349,8
n/a,Line 89,Ok,Line,976,1221,53,0.98,-0.19,-0.01,n/a,n/a,n/a,n/a,n/a,0.00,0.00,0.00,Gauss (least squares) fitted,Off,Off,None,0,Volume 1 grid coordinate system,960,1224,53
n/a,Line 90,Ok,Line,745,780,67,0.16,0.99,0.01,n/a,n/a,n/a,n/a,n/a,0.00,0.00,0.00,Gauss (least squares) fitted,Off,Off,None,0,Volume 1 grid coordinate system,766,908,68
n/a,Line 91,Ok,Line,1116,646,1,0.99,-0.15,0.01,n/a,n/a,n/a,n/a,n/a,0.00,0.00,0.00,Gauss (least squares) fitted,Off,Off,None,0,Volume 1 grid coordinate system,1114,647,1
n/a,Line 92,Ok,Line,1237,308,6,0.93,-0.37,-0.02,n/a,n/a,n/a,n/a,n/a,0.00,0.00,0.00,Gauss (least squares) fitted,Off,Off,None,0,Volume 1 grid coordinate system,1238,308,6
n/a,Line 93,Ok,Line,283,1114,44,1.00,0.01,0.00,n/a,n/a,n/a,n/a,n/a,0.00,0.00,0.00,Gauss (least squares) fitted,Off,Off,None,0,Volume 1 grid coordinate system,283,1114,44
n/a,Line 94,Ok,Line,30,1025,39,0.27,0.96,0.02,n/a,n/a,n/a,n/a,n/a,0.00,0.00,0.00,Gauss (least squares) fitted,Off,Off,None,0,Volume 1 grid coordinate system,29,1019,39
n/a,Line 95,Ok,Line,755,1990,2,-0.46,0.89,0.03,n/a,n/a,n/a,n/a,n/a,0.00,0.00,0.00,Gauss (least squares) fitted,Off,Off,None,0,Volume 1 grid coordinate system,753,1993,2
n/a,Line 96,Ok,Line,1650,875,48,0.69,0.73,0.00,n/a,n/a,n/a,n/a,n/a,0.00,0.00,0.00,Gauss (least squares) fitted,Off,Off,None,0,Volume 1 grid coordinate system,1652,877,48
n/a,Line 97,Ok,Line,1684,1384,20,0.90,-0.44,-0.02,n/a,n/a,n/a,n/a,n/a,0.00,0.00,0.00,Gauss (least squares) fitted,Off,Off,None,0,Volume 1 grid coordinate system,1686,1383,20
n/a,Line 98,Ok,Line,877,1752,3,0.88,-0.47,-0.01,n/a,n/a,n/a,n/a,n/a,0.00,0.00,0.00,Gauss (least squares) fitted,Off,Off,None,0,Volume 1 grid coordinate system,882,1750,3
n/a,Line 99,Ok,Line,859,1828,12,0.94,0.35,0.01,n/a,n/a,n/a,n/a,n/a,0.00,0.00,0.00,Gauss (least squares) fitted,Off,Off,None,0,Volume 1 grid coordinate system,863,1830,12
n/a,Line 100,Ok,Line,761,1757,25,0.80,-0.60,-0.01,n/a,n/a,n/a,n/a,n/a,0.00,0.00,0.00,Gauss (least squares) fitted,Off,Off,None,0,Volume 1 grid coordinate system,763,1756,25
n/a,Line 101,Ok,Line,650,1831,14,0.97,0.26,0.00,n/a,n/a,n/a,n/a,n/a,0.00,0.00,0.00,Gauss (least squares) fitted,Off,Off,None,0,Volume 1 grid coordinate system,652,1831,14
n/a,Line 102,Ok,Line,728,1863,26,0.94,0.34,0.00,n/a,n/a,n/a,n/a,n/a,0.00,0.00,0.00,Gauss (least squares) fitted,Off,Off,None,0,Volume 1 grid coordinate system,731,1864,26
n/a,Line 103,Ok,Line,801,1866,10,-0.12,0.99,-0.01,n/a,n/a,n/a,n/a,n/a,0.00,0.00,0.00,Gauss (least squares) fitted,Off,Off,None,0,Volume 1 grid coordinate system,800,1875,10
n/a,Line 104,Ok,Line,659,1869,6,0.88,-0.47,-0.01,n/a,n/a,n/a,n/a,n/a,0.00,0.00,0.00,Gauss (least squares) fitted,Off,Off,None,0,Volume 1 grid coordinate system,659,1869,6
n/a,Line 105,Ok,Line,561,1920,8,0.89,-0.46,-0.01,n/a,n/a,n/a,n/a,n/a,0.00,0.00,0.00,Gauss (least squares) fitted,Off,Off,None,0,Volume 1 grid coordinate system,563,1919,8
n/a,Line 106,Ok,Line,646,1550,27,0.47,0.88,0.00,n/a,n/a,n/a,n/a,n/a,0.00,0.00,0.00,Gauss (least squares) fitted,Off,Off,None,0,Volume 1 grid coordinate system,651,1559,27
n/a,Line 107,Ok,Line,648,1685,121,0.99,-0.14,0.00,n/a,n/a,n/a,n/a,n/a,0.00,0.00,0.00,Gauss (least squares) fitted,Off,Off,None,0,Volume 1 grid coordinate system,648,1685,121
n/a,Line 108,Ok,Line,643,1671,29,0.81,-0.59,0.05,n/a,n/a,n/a,n/a,n/a,0.00,0.00,0.00,Gauss (least squares) fitted,Off,Off,None,0,Volume 1 grid coordinate system,643,1672,29
n/a,Line 109,Ok,Line,556,1786,26,0.90,-0.43,-0.01,n/a,n/a,n/a,n/a,n/a,0.00,0.00,0.00,Gauss (least squares) fitted,Off,Off,None,0,Volume 1 grid coordinate system,553,1787,26
n/a,Line 110,Ok,Line,710,1720,19,0.78,-0.63,0.02,n/a,n/a,n/a,n/a,n/a,0.00,0.00,0.00,Gauss (least squares) fitted,Off,Off,None,0,Volume 1 grid coordinate system,711,1719,19
n/a,Line 111,Ok,Line,698,1719,21,0.91,-0.42,-0.02,n/a,n/a,n/a,n/a,n/a,0.00,0.00,0.00,Gauss (least squares) fitted,Off,Off,None,0,Volume 1 grid coordinate system,694,1721,21
n/a,Line 112,Ok,Line,840,1669,13,0.92,-0.40,-0.02,n/a,n/a,n/a,n/a,n/a,0.00,0.00,0.00,Gauss (least squares) fitted,Off,Off,None,0,Volume 1 grid coordinate system,840,1669,13
n/a,Line 113,Ok,Line,796,1575,50,0.26,0.97,0.01,n/a,n/a,n/a,n/a,n/a,0.00,0.00,0.00,Gauss (least squares) fitted,Off,Off,None,0,Volume 1 grid coordinate system,805,1606,51
n/a,Line 114,Ok,Line,858,1647,14,0.89,-0.46,-0.01,n/a,n/a,n/a,n/a,n/a,0.00,0.00,0.00,Gauss (least squares) fitted,Off,Off,None,0,Volume 1 grid coordinate system,861,1646,14
n/a,Line 115,Ok,Line,1084,1494,32,-0.37,0.93,0.00,n/a,n/a,n/a,n/a,n/a,0.00,0.00,0.00,Gauss (least squares) fitted,Off,Off,None,0,Volume 1 grid coordinate system,1082,1499,32
n/a,Line 116,Ok,Line,1033,1625,31,-0.38,0.93,-0.01,n/a,n/a,n/a,n/a,n/a,0.00,0.00,0.00,Gauss (least squares) fitted,Off,Off,None,0,Volume 1 grid coordinate system,1034,1622,31
n/a,Line 117,Ok,Line,975,1609,7,0.89,-0.46,-0.02,n/a,n/a,n/a,n/a,n/a,0.00,0.00,0.00,Gauss (least squares) fitted,Off,Off,None,0,Volume 1 grid coordinate system,976,1609,7
n/a,Line 118,Ok,Line,998,1646,49,0.41,0.91,-0.02,n/a,n/a,n/a,n/a,n/a,0.00,0.00,0.00,Gauss (least squares) fitted,Off,Off,None,0,Volume 1 grid coordinate system,999,1648,49
n/a,Line 119,Ok,Line,904,1643,10,0.90,-0.43,-0.02,n/a,n/a,n/a,n/a,n/a,0.00,0.00,0.00,Gauss (least squares) fitted,Off,Off,None,0,Volume 1 grid coordinate system,906,1642,10
n/a,Line 120,Ok,Line,949,1336,52,0.10,0.99,-0.01,n/a,n/a,n/a,n/a,n/a,0.00,0.00,0.00,Gauss (least squares) fitted,Off,Off,None,0,Volume 1 grid coordinate system,954,1384,51
n/a,Line 121,Ok,Line,997,1225,84,0.68,0.73,0.01,n/a,n/a,n/a,n/a,n/a,0.00,0.00,0.00,Gauss (least squares) fitted,Off,Off,None,0,Volume 1 grid coordinate system,999,1227,84
n/a,Line 122,Ok,Line,1127,1098,44,-0.38,0.92,0.00,n/a,n/a,n/a,n/a,n/a,0.00,0.00,0.00,Gauss (least squares) fitted,Off,Off,None,0,Volume 1 grid coordinate system,1128,1097,44
n/a,Line 123,Ok,Line,927,1290,29,0.74,-0.67,0.01,n/a,n/a,n/a,n/a,n/a,0.00,0.00,0.00,Gauss (least squares) fitted,Off,Off,None,0,Volume 1 grid coordinate system,932,1285,29
n/a,Line 124,Ok,Line,845,1313,13,-0.43,0.90,0.01,n/a,n/a,n/a,n/a,n/a,0.00,0.00,0.00,Gauss (least squares) fitted,Off,Off,None,0,Volume 1 grid coordinate system,846,1310,12
n/a,Line 125,Ok,Line,774,1154,9,0.88,0.47,0.02,n/a,n/a,n/a,n/a,n/a,0.00,0.00,0.00,Gauss (least squares) fitted,Off,Off,None,0,Volume 1 grid coordinate system,787,1161,10
n/a,Line 126,Ok,Line,915,1167,6,-0.44,0.90,0.03,n/a,n/a,n/a,n/a,n/a,0.00,0.00,0.00,Gauss (least squares) fitted,Off,Off,None,0,Volume 1 grid coordinate system,919,1158,5
n/a,Line 127,Ok,Line,820,1018,13,0.75,-0.66,0.00,n/a,n/a,n/a,n/a,n/a,0.00,0.00,0.00,Gauss (least squares) fitted,Off,Off,None,0,Volume 1 grid coordinate system,819,1019,13
n/a,Line 128,Ok,Line,879,1132,122,0.98,-0.18,-0.01,n/a,n/a,n/a,n/a,n/a,0.00,0.00,0.00,Gauss (least squares) fitted,Off,Off,None,0,Volume 1 grid coordinate system,876,1132,122
n/a,Line 129,Ok,Line,970,1482,49,-0.38,0.92,0.01,n/a,n/a,n/a,n/a,n/a,0.00,0.00,0.00,Gauss (least squares) fitted,Off,Off,None,0,Volume 1 grid coordinate system,985,1443,49
n/a,Line 130,Ok,Line,742,1454,80,0.96,-0.28,0.02,n/a,n/a,n/a,n/a,n/a,0.00,0.00,0.00,Gauss (least squares) fitted,Off,Off,None,0,Volume 1 grid coordinate system,747,1453,80
n/a,Line 131,Ok,Line,865,1429,1,0.76,-0.65,-0.01,n/a,n/a,n/a,n/a,n/a,0.00,0.00,0.00,Gauss (least squares) fitted,Off,Off,None,0,Volume 1 grid coordinate system,864,1429,1
n/a,Line 132,Ok,Line,1091,1395,48,0.26,0.97,0.00,n/a,n/a,n/a,n/a,n/a,0.00,0.00,0.00,Gauss (least squares) fitted,Off,Off,None,0,Volume 1 grid coordinate system,1091,1397,48
n/a,Line 133,Ok,Line,1089,1297,39,-0.37,0.93,-0.01,n/a,n/a,n/a,n/a,n/a,0.00,0.00,0.00,Gauss (least squares) fitted,Off,Off,None,0,Volume 1 grid coordinate system,1090,1295,39
n/a,Line 134,Ok,Line,1221,1236,27,0.27,0.96,0.00,n/a,n/a,n/a,n/a,n/a,0.00,0.00,0.00,Gauss (least squares) fitted,Off,Off,None,0,Volume 1 grid coordinate system,1221,1235,27
n/a,Line 135,Ok,Line,1233,1286,27,0.29,0.96,0.02,n/a,n/a,n/a,n/a,n/a,0.00,0.00,0.00,Gauss (least squares) fitted,Off,Off,None,0,Volume 1 grid coordinate system,1233,1285,27
n/a,Line 136,Ok,Line,1305,1217,79,0.71,-0.71,0.01,n/a,n/a,n/a,n/a,n/a,0.00,0.00,0.00,Gauss (least squares) fitted,Off,Off,None,0,Volume 1 grid coordinate system,1307,1215,79
n/a,Line 137,Ok,Line,1025,1047,37,0.25,0.97,-0.01,n/a,n/a,n/a,n/a,n/a,0.00,0.00,0.00,Gauss (least squares) fitted,Off,Off,None,0,Volume 1 grid coordinate system,1023,1041,37
n/a,Line 138,Ok,Line,943,1137,37,0.94,-0.34,0.00,n/a,n/a,n/a,n/a,n/a,0.00,0.00,0.00,Gauss (least squares) fitted,Off,Off,None,0,Volume 1 grid coordinate system,920,1145,38
n/a,Line 139,Ok,Line,968,1122,34,0.93,-0.36,-0.01,n/a,n/a,n/a,n/a,n/a,0.00,0.00,0.00,Gauss (least squares) fitted,Off,Off,None,0,Volume 1 grid coordinate system,972,1120,34
n/a,Line 140,Ok,Line,993,1023,49,0.25,0.97,0.00,n/a,n/a,n/a,n/a,n/a,0.00,0.00,0.00,Gauss (least squares) fitted,Off,Off,None,0,Volume 1 grid coordinate system,984,991,49
n/a,Line 141,Ok,Line,427,1147,28,0.46,0.89,0.00,n/a,n/a,n/a,n/a,n/a,0.00,0.00,0.00,Gauss (least squares) fitted,Off,Off,None,0,Volume 1 grid coordinate system,434,1162,28
n/a,Line 142,Ok,Line,329,1282,16,-0.46,0.89,0.02,n/a,n/a,n/a,n/a,n/a,0.00,0.00,0.00,Gauss (least squares) fitted,Off,Off,None,0,Volume 1 grid coordinate system,329,1282,16
n/a,Line 143,Ok,Line,1756,1105,1,0.93,0.37,0.00,n/a,n/a,n/a,n/a,n/a,0.00,0.00,0.00,Gauss (least squares) fitted,Off,Off,None,0,Volume 1 grid coordinate system,1756,1105,1
n/a,Line 144,Ok,Line,2023,918,105,0.99,-0.14,0.02,n/a,n/a,n/a,n/a,n/a,0.00,0.00,0.00,Gauss (least squares) fitted,Off,Off,None,0,Volume 1 grid coordinate system,2027,917,105
n/a,Line 145,Ok,Line,1913,934,107,0.99,-0.14,0.00,n/a,n/a,n/a,n/a,n/a,0.00,0.00,0.00,Gauss (least squares) fitted,Off,Off,None,0,Volume 1 grid coordinate system,1921,933,107
n/a,Line 146,Ok,Line,1794,953,108,0.99,-0.17,0.00,n/a,n/a,n/a,n/a,n/a,0.00,0.00,0.00,Gauss (least squares) fitted,Off,Off,None,0,Volume 1 grid coordinate system,1796,952,108
n/a,Line 147,Ok,Line,1698,969,111,0.98,-0.18,-0.02,n/a,n/a,n/a,n/a,n/a,0.00,0.00,0.00,Gauss (least squares) fitted,Off,Off,None,0,Volume 1 grid coordinate system,1699,969,111
n/a,Line 148,Ok,Line,1464,617,51,0.98,-0.18,-0.01,n/a,n/a,n/a,n/a,n/a,0.00,0.00,0.00,Gauss (least squares) fitted,Off,Off,None,0,Volume 1 grid coordinate system,1432,623,52
n/a,Line 149,Ok,Line,1883,543,47,0.99,-0.16,-0.01,n/a,n/a,n/a,n/a,n/a,0.00,0.00,0.00,Gauss (least squares) fitted,Off,Off,None,0,Volume 1 grid coordinate system,1878,543,47
n/a,Line 150,Ok,Line,2030,467,0,0.78,0.63,0.01,n/a,n/a,n/a,n/a,n/a,0.00,0.00,0.00,Gauss (least squares) fitted,Off,Off,None,0,Volume 1 grid coordinate system,2030,467,0
n/a,Line 151,Ok,Line,1853,340,3,0.36,0.93,0.02,n/a,n/a,n/a,n/a,n/a,0.00,0.00,0.00,Gauss (least squares) fitted,Off,Off,None,0,Volume 1 grid coordinate system,1853,339,3
n/a,Line 152,Ok,Line,1883,394,82,0.77,-0.64,-0.01,n/a,n/a,n/a,n/a,n/a,0.00,0.00,0.00,Gauss (least squares) fitted,Off,Off,None,0,Volume 1 grid coordinate system,1882,395,82
n/a,Line 153,Ok,Line,2021,299,13,0.37,0.93,0.02,n/a,n/a,n/a,n/a,n/a,0.00,0.00,0.00,Gauss (least squares) fitted,Off,Off,None,0,Volume 1 grid coordinate system,2021,300,13
n/a,Line 154,Ok,Line,1976,161,9,0.24,0.97,0.01,n/a,n/a,n/a,n/a,n/a,0.00,0.00,0.00,Gauss (least squares) fitted,Off,Off,None,0,Volume 1 grid coordinate system,1977,163,9
n/a,Line 155,Ok,Line,2022,357,0,0.92,0.40,0.00,n/a,n/a,n/a,n/a,n/a,0.00,0.00,0.00,Gauss (least squares) fitted,Off,Off,None,0,Volume 1 grid coordinate system,2024,357,0
n/a,Line 156,Ok,Line,1546,170,35,-0.43,0.90,0.00,n/a,n/a,n/a,n/a,n/a,0.00,0.00,0.00,Gauss (least squares) fitted,Off,Off,None,0,Volume 1 grid coordinate system,1549,164,35
n/a,Line 157,Ok,Line,1430,416,37,-0.42,0.91,0.01,n/a,n/a,n/a,n/a,n/a,0.00,0.00,0.00,Gauss (least squares) fitted,Off,Off,None,0,Volume 1 grid coordinate system,1431,413,37
n/a,Line 158,Ok,Line,1311,677,39,-0.41,0.91,0.00,n/a,n/a,n/a,n/a,n/a,0.00,0.00,0.00,Gauss (least squares) fitted,Off,Off,None,0,Volume 1 grid coordinate system,1311,676,39
n/a,Line 159,Ok,Line,1416,699,24,0.97,0.23,-0.01,n/a,n/a,n/a,n/a,n/a,0.00,0.00,0.00,Gauss (least squares) fitted,Off,Off,None,0,Volume 1 grid coordinate system,1425,701,24
n/a,Line 160,Ok,Line,1259,771,2,0.98,-0.18,-0.01,n/a,n/a,n/a,n/a,n/a,0.00,0.00,0.00,Gauss (least squares) fitted,Off,Off,None,0,Volume 1 grid coordinate system,1270,769,2
n/a,Line 161,Ok,Line,1243,927,43,-0.37,0.93,-0.01,n/a,n/a,n/a,n/a,n/a,0.00,0.00,0.00,Gauss (least squares) fitted,Off,Off,None,0,Volume 1 grid coordinate system,1252,902,44
n/a,Line 162,Ok,Line,1061,969,3,-0.36,0.93,-0.01,n/a,n/a,n/a,n/a,n/a,0.00,0.00,0.00,Gauss (least squares) fitted,Off,Off,None,0,Volume 1 grid coordinate system,1071,942,3
n/a,Line 163,Ok,Line,832,840,19,-0.64,0.77,0.02,n/a,n/a,n/a,n/a,n/a,0.00,0.00,0.00,Gauss (least squares) fitted,Off,Off,None,0,Volume 1 grid coordinate system,844,826,19
n/a,Line 164,Ok,Line,527,907,12,0.98,-0.18,-0.01,n/a,n/a,n/a,n/a,n/a,0.00,0.00,0.00,Gauss (least squares) fitted,Off,Off,None,0,Volume 1 grid coordinate system,529,906,12
n/a,Line 165,Ok,Line,484,887,9,0.92,-0.38,0.00,n/a,n/a,n/a,n/a,n/a,0.00,0.00,0.00,Gauss (least squares) fitted,Off,Off,None,0,Volume 1 grid coordinate system,485,887,9
n/a,Line 166,Ok,Line,293,913,36,0.75,-0.66,0.00,n/a,n/a,n/a,n/a,n/a,0.00,0.00,0.00,Gauss (least squares) fitted,Off,Off,None,0,Volume 1 grid coordinate system,292,914,36
n/a,Line 167,Ok,Line,97,1084,15,0.38,0.92,-0.02,n/a,n/a,n/a,n/a,n/a,0.00,0.00,0.00,Gauss (least squares) fitted,Off,Off,None,0,Volume 1 grid coordinate system,96,1083,15
n/a,Line 168,Ok,Line,592,1103,120,0.95,0.30,0.01,n/a,n/a,n/a,n/a,n/a,0.00,0.00,0.00,Gauss (least squares) fitted,Off,Off,None,0,Volume 1 grid coordinate system,597,1104,120
n/a,Line 169,Ok,Line,553,1223,13,0.55,0.84,-0.02,n/a,n/a,n/a,n/a,n/a,0.00,0.00,0.00,Gauss (least squares) fitted,Off,Off,None,0,Volume 1 grid coordinate system,552,1222,13
n/a,Line 170,Ok,Line,445,1554,38,0.97,0.23,-0.01,n/a,n/a,n/a,n/a,n/a,0.00,0.00,0.00,Gauss (least squares) fitted,Off,Off,None,0,Volume 1 grid coordinate system,449,1555,38
n/a,Line 171,Ok,Line,352,1553,72,0.97,-0.23,0.01,n/a,n/a,n/a,n/a,n/a,0.00,0.00,0.00,Gauss (least squares) fitted,Off,Off,None,0,Volume 1 grid coordinate system,382,1545,73
n/a,Line 172,Ok,Line,121,1372,1,-0.45,0.89,0.00,n/a,n/a,n/a,n/a,n/a,0.00,0.00,0.00,Gauss (least squares) fitted,Off,Off,None,0,Volume 1 grid coordinate system,95,1423,1
n/a,Line 173,Ok,Line,18,1303,0,0.85,-0.52,0.00,n/a,n/a,n/a,n/a,n/a,0.00,0.00,0.00,Gauss (least squares) fitted,Off,Off,None,0,Volume 1 grid coordinate system,18,1303,0
n/a,Line 174,Ok,Line,96,1690,37,0.99,0.13,0.00,n/a,n/a,n/a,n/a,n/a,0.00,0.00,0.00,Gauss (least squares) fitted,Off,Off,None,0,Volume 1 grid coordinate system,97,1690,37
n/a,Line 175,Ok,Line,294,1487,8,0.24,0.97,0.02,n/a,n/a,n/a,n/a,n/a,0.00,0.00,0.00,Gauss (least squares) fitted,Off,Off,None,0,Volume 1 grid coordinate system,296,1495,8
n/a,Line 176,Ok,Line,262,1415,56,0.21,0.98,0.00,n/a,n/a,n/a,n/a,n/a,0.00,0.00,0.00,Gauss (least squares) fitted,Off,Off,None,0,Volume 1 grid coordinate system,267,1437,56
n/a,Line 177,Ok,Line,314,1557,13,0.06,1.00,-0.02,n/a,n/a,n/a,n/a,n/a,0.00,0.00,0.00,Gauss (least squares) fitted,Off,Off,None,0,Volume 1 grid coordinate system,315,1577,12
n/a,Line 178,Ok,Line,333,1840,4,0.04,1.00,-0.02,n/a,n/a,n/a,n/a,n/a,0.00,0.00,0.00,Gauss (least squares) fitted,Off,Off,None,0,Volume 1 grid coordinate system,333,1837,4
n/a,Line 179,Ok,Line,167,1606,136,-0.14,0.99,-0.01,n/a,n/a,n/a,n/a,n/a,0.00,0.00,0.00,Gauss (least squares) fitted,Off,Off,None,0,Volume 1 grid coordinate system,166,1611,136
n/a,Line 180,Ok,Line,436,1462,10,0.31,0.95,-0.02,n/a,n/a,n/a,n/a,n/a,0.00,0.00,0.00,Gauss (least squares) fitted,Off,Off,None,0,Volume 1 grid coordinate system,432,1451,10
n/a,Line 181,Ok,Line,679,636,122,0.94,-0.35,-0.01,n/a,n/a,n/a,n/a,n/a,0.00,0.00,0.00,Gauss (least squares) fitted,Off,Off,None,0,Volume 1 grid coordinate system,682,634,122
n/a,Line 182,Ok,Line,1104,606,11,0.99,0.16,0.01,n/a,n/a,n/a,n/a,n/a,0.00,0.00,0.00,Gauss (least squares) fitted,Off,Off,None,0,Volume 1 grid coordinate system,1099,605,11
n/a,Line 183,Ok,Line,809,558,4,0.99,0.16,0.01,n/a,n/a,n/a,n/a,n/a,0.00,0.00,0.00,Gauss (least squares) fitted,Off,Off,None,0,Volume 1 grid coordinate system,818,560,4
n/a,Line 184,Ok,Line,974,846,38,0.25,0.97,0.00,n/a,n/a,n/a,n/a,n/a,0.00,0.00,0.00,Gauss (least squares) fitted,Off,Off,None,0,Volume 1 grid coordinate system,975,847,38
n/a,Line 185,Ok,Line,739,1327,31,0.33,0.95,-0.01,n/a,n/a,n/a,n/a,n/a,0.00,0.00,0.00,Gauss (least squares) fitted,Off,Off,None,0,Volume 1 grid coordinate system,749,1354,31
n/a,Line 186,Ok,Line,1134,1314,11,-0.50,0.86,0.02,n/a,n/a,n/a,n/a,n/a,0.00,0.00,0.00,Gauss (least squares) fitted,Off,Off,None,0,Volume 1 grid coordinate system,1133,1314,11
n/a,Line 187,Ok,Line,1914,1649,92,0.23,0.97,0.00,n/a,n/a,n/a,n/a,n/a,0.00,0.00,0.00,Gauss (least squares) fitted,Off,Off,None,0,Volume 1 grid coordinate system,1915,1651,92
n/a,Line 188,Ok,Line,702,922,5,-0.39,0.92,0.00,n/a,n/a,n/a,n/a,n/a,0.00,0.00,0.00,Gauss (least squares) fitted,Off,Off,None,0,Volume 1 grid coordinate system,705,914,5
n/a,Line 189,Ok,Line,370,650,10,1.00,0.09,-0.02,n/a,n/a,n/a,n/a,n/a,0.00,0.00,0.00,Gauss (least squares) fitted,Off,Off,None,0,Volume 1 grid coordinate system,373,650,10
n/a,Line 190,Ok,Line,387,473,30,0.27,0.96,0.00,n/a,n/a,n/a,n/a,n/a,0.00,0.00,0.00,Gauss (least squares) fitted,Off,Off,None,0,Volume 1 grid coordinate system,387,476,30
n/a,Line 191,Ok,Line,62,658,11,0.96,0.29,0.03,n/a,n/a,n/a,n/a,n/a,0.00,0.00,0.00,Gauss (least squares) fitted,Off,Off,None,0,Volume 1 grid coordinate system,65,659,11
n/a,Line 192,Ok,Line,151,478,11,-0.57,0.82,0.01,n/a,n/a,n/a,n/a,n/a,0.00,0.00,0.00,Gauss (least squares) fitted,Off,Off,None,0,Volume 1 grid coordinate system,167,455,11
n/a,Line 193,Ok,Line,49,172,10,-0.23,0.97,0.01,n/a,n/a,n/a,n/a,n/a,0.00,0.00,0.00,Gauss (least squares) fitted,Off,Off,None,0,Volume 1 grid coordinate system,56,141,9
n/a,Line 194,Ok,Line,549,385,16,0.98,-0.20,-0.01,n/a,n/a,n/a,n/a,n/a,0.00,0.00,0.00,Gauss (least squares) fitted,Off,Off,None,0,Volume 1 grid coordinate system,536,387,16
n/a,Line 195,Ok,Line,736,362,60,0.98,-0.21,0.00,n/a,n/a,n/a,n/a,n/a,0.00,0.00,0.00,Gauss (least squares) fitted,Off,Off,None,0,Volume 1 grid coordinate system,748,360,60
n/a,Line 196,Ok,Line,728,380,18,0.72,-0.69,-0.02,n/a,n/a,n/a,n/a,n/a,0.00,0.00,0.00,Gauss (least squares) fitted,Off,Off,None,0,Volume 1 grid coordinate system,737,371,18
n/a,Line 197,Ok,Line,519,611,27,-0.59,0.81,0.01,n/a,n/a,n/a,n/a,n/a,0.00,0.00,0.00,Gauss (least squares) fitted,Off,Off,None,0,Volume 1 grid coordinate system,532,593,26
n/a,Line 198,Ok,Line,750,182,27,-0.24,0.97,0.01,n/a,n/a,n/a,n/a,n/a,0.00,0.00,0.00,Gauss (least squares) fitted,Off,Off,None,0,Volume 1 grid coordinate system,749,185,27
n/a,Line 199,Ok,Line,638,16,57,-0.64,0.77,-0.02,n/a,n/a,n/a,n/a,n/a,0.00,0.00,0.00,Gauss (least squares) fitted,Off,Off,None,0,Volume 1 grid coordinate system,639,14,57
n/a,Line 200,Ok,Line,974,174,7,-0.26,0.97,0.01,n/a,n/a,n/a,n/a,n/a,0.00,0.00,0.00,Gauss (least squares) fitted,Off,Off,None,0,Volume 1 grid coordinate system,972,180,7
n/a,Line 201,Ok,Line,1064,68,6,0.74,-0.67,-0.02,n/a,n/a,n/a,n/a,n/a,0.00,0.00,0.00,Gauss (least squares) fitted,Off,Off,None,0,Volume 1 grid coordinate system,1063,68,6
n/a,Line 202,Ok,Line,1158,28,77,0.94,-0.33,-0.01,n/a,n/a,n/a,n/a,n/a,0.00,0.00,0.00,Gauss (least squares) fitted,Off,Off,None,0,Volume 1 grid coordinate system,1162,27,77
n/a,Line 203,Ok,Line,312,90,8,0.91,0.42,-0.02,n/a,n/a,n/a,n/a,n/a,0.00,0.00,0.00,Gauss (least squares) fitted,Off,Off,None,0,Volume 1 grid coordinate system,307,87,8
n/a,Line 204,Ok,Line,181,1311,21,-0.16,0.99,-0.01,n/a,n/a,n/a,n/a,n/a,0.00,0.00,0.00,Gauss (least squares) fitted,Off,Off,None,0,Volume 1 grid coordinate system,182,1301,22
n/a,Line 205,Ok,Line,214,1307,25,0.22,0.97,0.01,n/a,n/a,n/a,n/a,n/a,0.00,0.00,0.00,Gauss (least squares) fitted,Off,Off,None,0,Volume 1 grid coordinate system,215,1311,25
n/a,Line 206,Ok,Line,1929,1192,70,-0.16,0.99,-0.01,n/a,n/a,n/a,n/a,n/a,0.00,0.00,0.00,Gauss (least squares) fitted,Off,Off,None,0,Volume 1 grid coordinate system,1929,1192,70
n/a,Line 207,Ok,Line,1519,1030,60,0.94,0.33,0.01,n/a,n/a,n/a,n/a,n/a,0.00,0.00,0.00,Gauss (least squares) fitted,Off,Off,None,0,Volume 1 grid coordinate system,1528,1033,60
n/a,Line 208,Ok,Line,1639,1600,61,0.94,0.35,0.00,n/a,n/a,n/a,n/a,n/a,0.00,0.00,0.00,Gauss (least squares) fitted,Off,Off,None,0,Volume 1 grid coordinate system,1636,1599,61
n/a,Line 209,Ok,Line,1862,738,11,1.00,0.02,0.01,n/a,n/a,n/a,n/a,n/a,0.00,0.00,0.00,Gauss (least squares) fitted,Off,Off,None,0,Volume 1 grid coordinate system,1865,738,12
n/a,Line 210,Ok,Line,1956,771,138,0.75,-0.66,0.01,n/a,n/a,n/a,n/a,n/a,0.00,0.00,0.00,Gauss (least squares) fitted,Off,Off,None,0,Volume 1 grid coordinate system,1957,771,138
n/a,Line 211,Ok,Line,1967,882,48,0.76,-0.65,0.01,n/a,n/a,n/a,n/a,n/a,0.00,0.00,0.00,Gauss (least squares) fitted,Off,Off,None,0,Volume 1 grid coordinate system,1976,875,49
n/a,Line 212,Ok,Line,2007,1072,104,0.11,0.99,0.01,n/a,n/a,n/a,n/a,n/a,0.00,0.00,0.00,Gauss (least squares) fitted,Off,Off,None,0,Volume 1 grid coordinate system,2007,1074,104
n/a,Line 213,Ok,Line,701,962,14,0.25,0.97,0.00,n/a,n/a,n/a,n/a,n/a,0.00,0.00,0.00,Gauss (least squares) fitted,Off,Off,None,0,Volume 1 grid coordinate system,698,947,14
n/a,Line 214,Ok,Line,753,1097,44,0.85,-0.53,-0.01,n/a,n/a,n/a,n/a,n/a,0.00,0.00,0.00,Gauss (least squares) fitted,Off,Off,None,0,Volume 1 grid coordinate system,762,1091,44
n/a,Line 215,Ok,Line,720,1133,82,0.98,-0.18,-0.01,n/a,n/a,n/a,n/a,n/a,0.00,0.00,0.00,Gauss (least squares) fitted,Off,Off,None,0,Volume 1 grid coordinate system,783,1121,81
n/a,Line 216,Ok,Line,766,946,21,-0.25,0.97,0.01,n/a,n/a,n/a,n/a,n/a,0.00,0.00,0.00,Gauss (least squares) fitted,Off,Off,None,0,Volume 1 grid coordinate system,765,949,21
n/a,Line 217,Ok,Line,806,651,57,-0.25,0.97,0.02,n/a,n/a,n/a,n/a,n/a,0.00,0.00,0.00,Gauss (least squares) fitted,Off,Off,None,0,Volume 1 grid coordinate system,806,650,57
n/a,Line 218,Ok,Line,605,911,39,0.25,0.97,0.00,n/a,n/a,n/a,n/a,n/a,0.00,0.00,0.00,Gauss (least squares) fitted,Off,Off,None,0,Volume 1 grid coordinate system,608,921,39
n/a,Line 219,Ok,Line,543,726,85,1.00,-0.02,0.01,n/a,n/a,n/a,n/a,n/a,0.00,0.00,0.00,Gauss (least squares) fitted,Off,Off,None,0,Volume 1 grid coordinate system,547,726,85
n/a,Line 220,Ok,Line,414,585,19,-0.25,0.97,0.01,n/a,n/a,n/a,n/a,n/a,0.00,0.00,0.00,Gauss (least squares) fitted,Off,Off,None,0,Volume 1 grid coordinate system,408,609,20
n/a,Line 221,Ok,Line,498,602,9,0.58,0.82,0.03,n/a,n/a,n/a,n/a,n/a,0.00,0.00,0.00,Gauss (least squares) fitted,Off,Off,None,0,Volume 1 grid coordinate system,505,612,10
n/a,Line 222,Ok,Line,462,312,15,0.97,-0.25,0.00,n/a,n/a,n/a,n/a,n/a,0.00,0.00,0.00,Gauss (least squares) fitted,Off,Off,None,0,Volume 1 grid coordinate system,453,315,15
n/a,Line 223,Ok,Line,713,1024,65,-0.24,0.97,0.01,n/a,n/a,n/a,n/a,n/a,0.00,0.00,0.00,Gauss (least squares) fitted,Off,Off,None,0,Volume 1 grid coordinate system,706,1051,65
n/a,Line 224,Ok,Line,924,1231,57,0.98,-0.18,-0.01,n/a,n/a,n/a,n/a,n/a,0.00,0.00,0.00,Gauss (least squares) fitted,Off,Off,None,0,Volume 1 grid coordinate system,933,1229,57
n/a,Line 225,Ok,Line,1186,967,10,0.23,0.97,0.00,n/a,n/a,n/a,n/a,n/a,0.00,0.00,0.00,Gauss (least squares) fitted,Off,Off,None,0,Volume 1 grid coordinate system,1191,991,10
n/a,Line 226,Ok,Line,1302,550,47,0.94,-0.34,0.00,n/a,n/a,n/a,n/a,n/a,0.00,0.00,0.00,Gauss (least squares) fitted,Off,Off,None,0,Volume 1 grid coordinate system,1296,552,48
n/a,Line 227,Ok,Line,1317,322,8,0.97,-0.26,0.02,n/a,n/a,n/a,n/a,n/a,0.00,0.00,0.00,Gauss (least squares) fitted,Off,Off,None,0,Volume 1 grid coordinate system,1336,317,9
n/a,Line 228,Ok,Line,1402,84,3,-0.30,0.95,0.01,n/a,n/a,n/a,n/a,n/a,0.00,0.00,0.00,Gauss (least squares) fitted,Off,Off,None,0,Volume 1 grid coordinate system,1405,76,3
n/a,Line 229,Ok,Line,2038,36,7,0.36,0.93,0.03,n/a,n/a,n/a,n/a,n/a,0.00,0.00,0.00,Gauss (least squares) fitted,Off,Off,None,0,Volume 1 grid coordinate system,2038,36,7
